Reference;Advisliste;Afsender;Posteringstype;match_regel;Beløb1;Beløb2;beløb_regel;Posteringstekst;Artskonto;PSP-element;Notat
;;#Hjørnestenen;;Indeholder;;;;;95931400;;UNDTAGELSE : Sygeref. skal til 95914005 (CPR-bogføring)
;;#Comm2IG;;Indeholder;;;;;;;Typisk Skole / IT - Lars Bertelsen
;;#Dansk retursys;;Starter med;;;;;79000000;XG-0000005229-00022;Tjek efter kreditnota, hvis ikke, bogfør på kantinens konto. Ved ref = SÆKID, ofte Mellerup/Lone Andersen eller Ungdomsskolen/Berit Schneider Mogensen eller Oust Mølleskolen/Lene Matine Jensen
;;#RDB plastics GmbH;;Starter med;;;;;;;Tina Tran - vedr. affaldskontoret
;#retur;;;Indeholder;;;;;95910009;;Tilbagekaldelse løn / fejludb til nemkonto i Nordea. Husk CPR
;;#Danish Agro;;Starter med;;;;;;;Til betalingskontoret - Kan måske bare føres over på 95990009?
#Donation;;;;Indeholder;;;;;79100000;;Spørg Ivar ift. moms
;;#Skatteankestyrelsen;;Indeholder;;;;;;;Spørg Bettina Bak, tjek j.nr.
#teaterref Scenit;;;;Starter med;;;;;;XG-0000004075-00006;Spørg Annette Skov eller Lene Bonne Rasmussen
#Løntilskud ref;;#Kommune;;Indeholder;;;;;;;Skal CPR-bogføres direkte på driften i vedkommende afdeling
"#Fleksjob ref ""FJ""";;#Kommune;;Indeholder;;;;;95914009;;Skal CPR-bogføres
#Skånejob;;#Kommune;;Indeholder;;;;;95914009;;Skal CPR-bogføres
#Jobafklaring/ressourcerforløb;;#Kommune;;Indeholder;;;;;95914001;;Skal CPR-bogføres
#HSK;;;Overførsel;Starter med;;;;;52000000;XG-0000003394-00044;Skal CPR-bogføres
;;#Dansk affaldsminimering;;Starter med;;;;;79000000;XG-0000005012-00308;Med tekst Dansk Affaldsminimering HDPE-plast. 
;#Kundenr. 30114345;;;Indeholder;;;;;;;Marianne Skovbo
;;#Place2Book;;Starter med;;;;;95941300;;Hvis ikke til MOE, kontakt Trine Mains
#SygeDP/DP retur;;;;Indeholder;;;;;95931013;;Hvis ikke i indbetalinger@randers.dk, spørg sagsbehandler
;;#Boet efter;;Indeholder;;;;;;;Henvendelse til doedsbo.ran@domstol.dk
#Plejevederlag/Plejeorlov;;;;Indeholder;;;;Tekst fra bank;10000000;;Find PSP-element på samme måde som AUB el. Kommunal Kompetence Fond
;;#diverse;Gebyr;Indeholder;;;;;40000000;XG-0000000006-00007;F.eks. Nets Easy gebyr-delen af bankposter
;;#LFM;;Indeholder;;;;Retur ;67300000;9900000800;Elsebeth Morgensen vedr. spørgsmål
#??????;;;;Indeholder;;;;Uplacerbar;40000000;XG-0000000006-00020;Bruges kun hvis posten har ligget på 95990009 længe
#Moms retur;;;;Indeholder;;;;;95999010;;Afstem med Ivars oversigt
#Bådplads;;;;Indeholder;;;;;79000000;XG-0000004025-00001;
#Fyrværkeri;;;;Indeholder;;;;;79000000;XG-0000004013-00002;
#Bådplads depositum;;;;Indeholder;;;;;40000000;XG-0000004025-00003;
1992317;;;DK-abonnement;Indeholder;;;;Tekst fra bank;95941202;;SKAL STÅ FØR DEN GENERELLE REGEL
6687210;;;;Indeholder;-333;;Lig med;Tekst fra bank;40000000;XG-0000000006-00007;SKAL STÅ FØR DEN GENERELLE REGEL
8152290;;;;Indeholder;-333;;Lig med;Tekst fra bank;40000000;XG-0000000006-00007;SKAL STÅ FØR DEN GENERELLE REGEL
Dep;;;;Starter med;30000;;Lig med;Tekst fra bank;95950000;;Salg af grunde. Kommer ikke altid med dep, jævnligt kun adressen. Betina Bak.
9913008388;;;Rente af obligationer;Indeholder;;;;Tekst fra bank;94600005;;Randers Kommunes kunstfond
9913008388;;;Udtrukne obligationer;Indeholder;;;;Tekst fra bank;94200011;;Randers Kommunes kunstfond
;;Danica Pension;;Starter med;1251,7;;Lig med;Tekst fra bank;95914002;;Posteringstekst inkl. CPR. CPR er ikke med i banken?
;;Danica Pension;;Starter med;1714,3;;Lig med;Tekst fra bank;95914002;;Posteringstekst inkl. CPR. CPR er ikke med i banken?
;;PFA Pension;;Starter med;;;;Advis fra bank;95914002;;Posteringstekst inkl. CPR
;;Sampension;;Starter med;;;;Tekst fra bank;95914002;;Posteringstekst inkl. CPR
Regres;;Forsikring;;Indeholder;;;;Tekst fra bank;79000000;XG-0000003333-00003;Pia Fonnesbæk vedr. spørgsmål.
19;;;Overførsel;Starter med;;;;Tekst fra bank;90520001;;OBS-konto
Afdrag indskudslån;;Udbetaling Danmark;;Indeholder;;;;UDK - afdrag indskudslån;95990009;;Modposteres af BTK
NKS-KY;;;Cap;Indeholder;;;;Tekst fra bank;95931701;;KY
KP-;;Kommune;Overførsel;Indeholder;;;;Afsender fra bank;95931700;;KP
KP-;;Kommune;Cap;Indeholder;;;;Afsender fra bank;95931700;;KP
Mellemkommunal afreg;;;Cap;Starter med;;;;Tekst fra bank;90540000;;KMD Udbetaling 339
Indfasningsstøtte;;;Cap;Starter med;;;;Tekst fra bank;90540000;;KMD Udbetaling 210
Rekvireret udb;;;Cap;Starter med;;;;Tekst fra bank;90540000;;KMD Udbetaling 104
Foreningstilskud;;;Cap;Starter med;;;;Tekst fra bank;90540000;;KMD Udbetaling 102
Leverandørudbetaling;;;Cap;Starter med;;;;Tekst fra bank;90540000;;KMD Udbetaling 091
KMF Begravelse;;;Cap;Starter med;;;;Tekst fra bank;90540000;;KMD Udbetaling 057
Sygedagpenge lønref;;;Cap;Starter med;;;;Tekst fra bank;90540000;;KMD Udbetaling 047
Sygedagpenge;;;Cap;Starter med;;;;Tekst fra bank;90540000;;KMD Udbetaling 045
Boliglån;;;Cap;Starter med;;;;Tekst fra bank;90540000;;KMD Udbetaling 042
Social pension;;;Cap;Starter med;;;;Tekst fra bank;90540000;;KMD Udbetaling 039
Tilskud til børnepas;;;Cap;Starter med;;;;Tekst fra bank;90540000;;KMD Udbetaling 030
E-penge;;MSS;;Starter med;;;;E-penge;72000000;XG-0000005228-00003;Kantinen
141360;;Børne- og undervisning;;Indeholder;;;;Advis fra bank;86000000;XG-0000002066-00003;Kan gælde forskellige P-numre. P-nummer måske kun i advis.
;;;Overførsel;Starter med;6597;;Lig med;Advis fra bank;79000000;XG-0000003025-00001;Huslejenævnet
;;;Overførsel;Starter med;4398;;Lig med;Advis fra bank;79000000;XG-0000003025-00001;Huslejenævnet
;;;Overførsel;Starter med;345;;Lig med;Tekst fra bank;79000000;XG-0000003025-00001;Huslejenævnet
;;;Bgs;Starter med;345;;Lig med;Tekst fra bank;79000000;XG-0000003025-00001;Huslejenævnet
;SENR;;Overførsel;Starter med;161;;Lig med;Advis fra bank;79000000;XG-0000003025-00001;Huslejenævnet
6687210;;;;Indeholder;;;;DK6687210 Trådløs Dankortterminal - Udlån fra Regnskab;79000000;XG-0000003397-00016;Gældende indtil 01.05.2023 - Derefter 95990009
8152290;;;;Indeholder;;;;DK8152290 Trådløs Dankortterminal - Udlån fra Regnskab;79000000;XG-0000003397-00016;Gældende indtil 01.05.2023 - Derefter 95990009
;;;Info-overførsel;Starter med;;;;Tekst fra bank;95912001;;Elsebeth Morgensen vedr. spørgsmål
Løn;;Randers Kunstmuseum;;Indeholder;;;;Tekst fra bank;95911000;;Elsebeth Morgensen vedr. spørgsmål
;KSD-;;;Indeholder;;;;;95914005;;Dagpenge - Poster fra Hjørnesten og Randers Kunstmuseum skal tages manuelt
E-lån;;;;Starter med;;;;Tekst fra bank;92500201;;CPR ell. ejendomsnr. skal med i posteringstekst
Elån;;;;Starter med;;;;Tekst fra bank;92500201;;CPR ell. ejendomsnr. skal med i posteringstekst
6974;;;Pengeautomat;Indeholder;;;;Depositcard ACR 006974 ;90100035;;Charlotte Keil Søgaard
6983;;;Pengeautomat;Indeholder;;;;Depositcard CBR 006983;90100011;;Charlotte Keil Søgaard
12184;;;Pengeautomat;Indeholder;;;;Depositcard Tirsdalens plejehjem 012184;72000000;XG-0000004526-00040;Annika Danmark
30000000;;MobilePay;;Starter med;;;;Tekst fra bank;91407041;;91407041 efter bankfil mandag
40000000;;MobilePay;;Starter med;;;;Tekst fra bank;91407041;;91407041 efter bankfil mandag
;TBK 730;Udbetaling Danmark for bolig;;Indeholder;;;;;95990026;;
6981;;;Pengeautomat;Indeholder;;;;Depositcard Regnskab 006981;95990009;;
7893415;;;;Indeholder;;;;Teller 7893415 - internationalekort Kommunikation;95990009;;
12181;;;Pengeautomat;Indeholder;;;;Depositcard Udbyhøj 012181;95990009;;
11890;;;Pengeautomat;Indeholder;;;;Depositcard Fritidscentret 011890;95990009;;
Fritid;;;Indbetaling;Indeholder;;;;Kontakt transaktion Fritidscentret;95990009;;
;Løn;Verdo;;Starter med;;;;;95990001;;
11888;;;Pengeautomat;Indeholder;;;;Depositcard Museum Østjylland 011888;95941300;;
2471043;;;;Indeholder;;;;DK2471043 Museum Østjylland;95941300;;
5247969;;;;Indeholder;;;;DK5247969 Museum Østjylland;95941300;;
9475369104;;;;Indeholder;;;;Nets nr. 9475369104;95941300;;
7864309;;;;Indeholder;;;;Teller 7864309;95941300;;
7978497;;;;Indeholder;;;;Teller 7978497;95941300;;
MOE;;;Indbetaling;Starter med;;;;Kontant transaktion MOE;95941300;;
12195;;;Pengeautomat;Indeholder;;;;Depositcard Randers Bibliotek 012195;95941202;;
1992317;;;;Indeholder;;;;DK1992317 Biblioteket;95941202;;
Bibliotek;;;Indbetaling;Indeholder;;;;Kontant transaktion Randers Bibliotek;95941202;;
8674335;;;;Indeholder;;;;Nets 8674335 internationale kortbetalinger;95941202;;
4521609;;;;Indeholder;;;;DK4521609;95941200;;
;;Værket;;Starter med;500000;;Større end;Tekst fra bank;95941110;;
Kommunalt træk;;Udbetaling Danmark;;Indeholder;;;;Tekst fra bank;95932008;;
NKS-KP;;;;Indeholder;;;;Tekst fra bank;95931700;;
;Kundenr: 33485468;;;Indeholder;;;;Tekst fra bank;95931505;;
;Kundenr: 29759456;;;Indeholder;;;;Tekst fra bank;95931502;;
6256651;;;;Indeholder;;;;DK6256651;95931206;;
7810906;;;;Indeholder;;;;Teller 7810906 - Borgerservice Pas, billeder og fingeraftryk;95931206;;
4430778;;;Dankort-salg;Indeholder;;;;DK4430778 Borgerservice;95931205;;
7620659;;;;Indeholder;;;;Teller 7620659;95931205;;
7673000;;;;Indeholder;;;;Teller 7673000;95931202;;
;Kundenr: 29759464;;;Indeholder;;;;Tekst fra bank;95931011;;
5386888 050607;;;;Indeholder;;;;Tekst fra bank;95930007;;
Bidrag;;Udbetaling Danmark;;Indeholder;;;;Udbetaling Danmark Bidrag;95920000;;
;BDP-;;;Indeholder;;;;;95914006;;
31 kapital;;;;Indeholder;;;;Tekst fra bank;95912000;;
30 kapital;;;;Slutter med;;;;Tekst fra bank;95912000;;
tj;;Vandmiljø Randers;;Starter med;;;;Tekst fra bank;95911002;;
;;Randers Havn;;Starter med;;;;Tekst fra bank;95911001;;
AI-;;;Cap;Starter med;;;;Tekst fra bank;95910014;;
AN-;;;Cap;Starter med;;;;Tekst fra bank;95910014;;
BQ-;;;Cap;Starter med;;;;Tekst fra bank;95910014;;
BW-;;;Cap;Starter med;;;;Tekst fra bank;95910014;;
BX-;;;Cap;Starter med;;;;Tekst fra bank;95910014;;
BZ;;;Cap;Starter med;;;;Tekst fra bank;95910014;;
CP-;;;Cap;Starter med;;;;Tekst fra bank;95910014;;
CQ-;;;Cap;Starter med;;;;Tekst fra bank;95910014;;
CU-;;;Cap;Starter med;;;;Tekst fra bank;95910014;;
CV-;;;Cap;Starter med;;;;Tekst fra bank;95910014;;
CY-;;;Cap;Starter med;;;;Tekst fra bank;95910014;;
CZ-;;;Cap;Starter med;;;;Tekst fra bank;95910014;;
OB-;;;Cap;Starter med;;;;Tekst fra bank;95910014;;
OG-;;;Cap;Starter med;;;;Tekst fra bank;95910014;;
OI-;;;Cap;Starter med;;;;Tekst fra bank;95910014;;
OK-;;;Cap;Starter med;;;;Tekst fra bank;95910014;;
OQ-;;;Cap;Starter med;;;;Tekst fra bank;95910014;;
OR-;;;Cap;Starter med;;;;Tekst fra bank;95910014;;
OT-;;;Cap;Starter med;;;;Tekst fra bank;95910014;;
OU-;;;Cap;Starter med;;;;Tekst fra bank;95910014;;
OV-;;;Cap;Starter med;;;;Tekst fra bank;95910014;;
OW-;;;Cap;Starter med;;;;Tekst fra bank;95910014;;
OX-;;;Cap;Starter med;;;;Tekst fra bank;95910014;;
OY-;;;Cap;Starter med;;;;Tekst fra bank;95910014;;
OZ-;;;Cap;Starter med;;;;Tekst fra bank;95910014;;
RG-;;;Cap;Starter med;;;;Tekst fra bank;95910014;;
RI-;;;Cap;Starter med;;;;Tekst fra bank;95910014;;
RJ-;;;Cap;Starter med;;;;Tekst fra bank;95910014;;
RM-;;;Cap;Starter med;;;;Tekst fra bank;95910014;;
RO-;;;Cap;Starter med;;;;Tekst fra bank;95910014;;
RQ-;;;Cap;Starter med;;;;Tekst fra bank;95910014;;
RR-;;;Cap;Starter med;;;;Tekst fra bank;95910014;;
RS-;;;Cap;Starter med;;;;Tekst fra bank;95910014;;
RU-;;;Cap;Starter med;;;;Tekst fra bank;95910014;;
RV-;;;Cap;Starter med;;;;Tekst fra bank;95910014;;
RW-;;;Cap;Starter med;;;;Tekst fra bank;95910014;;
RY-;;;Cap;Starter med;;;;Tekst fra bank;95910014;;
RZ-;;;Cap;Starter med;;;;Tekst fra bank;95910014;;
RG20938;;;;Starter med;;;;Tekst fra bank;95910014;;
;Kundenr: 34199620;;;Indeholder;;;;Retur fra skat vedr. RW;95910006;;
Skattekontoen, kredi;;;;Starter med;;;;Skattekontoen, kreditering;95910006;;
;;;Fonds;Starter med;;;;Tekst fra bank;95000100;;
5386888 050016;;;;Indeholder;;;;Tekst fra bank;94700003;;
7131666;;;;Indeholder;;;;DK7131666 - Mit Betalingsoverblik;91407040;;
8499089;;;;Indeholder;;;;DK8499089 - Mit Betalingsoverblik;91407040;;
8871930;;;;Indeholder;;;;Tekst fra bank;91407032;;
BSR08871930;;;;Indeholder;;;;Tekst fra bank;91407032;;
K 86446707;;;;Indeholder;;;;K 86446707;91407030;;
#NAVN?;;;;Slutter med;;;;Tekst fra bank;91407020;;
;Indskudslån;Lejerbo;;Indeholder;1100;;Mindre end;Indskudslån Lejerbo;91407008;;
Indskudslån;;;;Indeholder;1100;;Mindre end;Afsender fra bank;91407008;;
209082;;;;Indeholder;;;;Tekst fra bank;91407007;;
BSR00209082;;;;Indeholder;;;;Tekst fra bank;91407007;;
8871973;;;;Indeholder;;;;Tekst fra bank;91407006;;
BSR08871973;;;;Indeholder;;;;Tekst fra bank;91407006;;
K 86136228;;;;Indeholder;;;;K 86136228;91407005;;
K 89182816;;;;Indeholder;;;;K 89182816;91407004;;
K 84788767;;;;Indeholder;;;;K 84788767;91407003;;
;;;Udtrukne obligationer;Starter med;;;;Tekst fra bank;90800100;;
Betalingsservice;;;;Starter med;;;;Betalingsservice månedsoverførsel;90540015;;
Sygedagpenge;;;Udenlandsk overførsel;Indeholder;;;;Sygedagpenge udenlandsk;90540000;;
;Sygedagpenge;;Udenlandsk overførsel;Indeholder;;;;Sygedagpenge udenlandsk;90540000;;
56685;;;;Indeholder;;;;Ls, kreditor 56685Udbetaling Loomis;90100036;;
90100035;;;;Indeholder;;;;Kontant transaktion ACR;90100035;;
ACR;;;;Slutter med;;;;Kontant transaktion ACR;90100035;;
DAC;;;;Starter med;;;;Kontant transaktion ACR;90100035;;
CBR;;;Indbetaling;Indeholder;;;;Kontant transaktion CBR;90100011;;
90100011;;;;Indeholder;;;;Kontant transaktion CBR;90100011;;
;mønter Bib;;;Starter med;;;;Tekst fra bank;90100002;;
12180;;;Pengeautomat;Indeholder;;;;Depositcard Borgerservice 012180;90100001;;
udbetaling af mønt;;;;Indeholder;;;;Tekst fra bank;90100001;;
mønt borgerservice;;;;Indeholder;;;;Mønt Borgerservice;90100001;;
141442;;Børne- og undervisning;;Indeholder;;;;Advis fra bank;86000000;XG-0000002067-00003;
141296;;Børne- og undervisning;;Indeholder;;;;Advis fra bank;86000000;XG-0000002068-00003;
141855;;Børne- og undervisning;;Indeholder;;;;Advis fra bank;86000000;XG-0000000034-00003;
143498;;Børne- og undervisning;;Indeholder;;;;Advis fra bank;86000000;XG-0000002069-00003;
142731;;Børne- og undervisning;;Indeholder;;;;Advis fra bank;86000000;XG-0000002806-00014;
;3135-0006;SOCIAL- OG BOLIGSTYRELSEN;;Indeholder;;;;Tilskud, Socialstyrelsen;86000000;XG-0000004599-00002;
;7195-0011;SOCIAL- OG BOLIGSTYRELSEN;;Indeholder;;;;Tilskud, Socialstyrelsen;86000000;XG-0000003913-00090;
;7225-0013;SOCIAL- OG BOLIGSTYRELSEN;;Indeholder;;;;Tilskud, Socialstyrelsen;86000000;XG-0000002810-00001;
;6105-0135;SOCIAL- OG BOLIGSTYRELSEN;;Indeholder;;;;Tilskud, Socialstyrelsen;86000000;XG-0000003912-00004;
;2367-0075;SOCIAL- OG BOLIGSTYRELSEN;;Indeholder;;;;Tilskud, Socialstyrelsen;86000000;XG-0000004507-00131;
;2955-0014;SOCIAL- OG BOLIGSTYRELSEN;;Indeholder;;;;Tilskud, Socialstyrelsen;86000000;XG-0000004178-00007;
;KUREG;Slots- og kulturstyrelse;;Indeholder;;;;Tekst fra bank;86000000;XG-0000004083-00002;
;MUSIKSKOLE;Slots- og kulturstyrelse;;Indeholder;;;;Tilskud, Musikskole;86000000;XG-0000004089-00005;
;Østjysk vækstbånd;Slots- og kulturstyrelse;;Indeholder;;;;Østjysk Vækstbånd;86000000;XG-0000004187-00001;
;;Bolig- og planstyrelse;;Starter med;200000;;Lig med;Tilskud, Bolig- og Planstyrelsen;86000000;XG-0000000019-00002;
;Flere skal med;Styrelsen for arbejdsmarked;;Indeholder;;;;Tilskud, Flere skal med;86000000;XG-0000003906-00009;
;;Svend Aage Sølvsten;;Indeholder;;;;Aktivitetsudvalget Korshøjscentret kageforplejning;79000000;XG-0000004526-00031;
5386888 051672;;;;Indeholder;;;;DK 5386888 051672 Sprogcentret online-adgang til UV-programm;79000000;XG-0000003397-00044;
4517148;;;;Indeholder;;;;DK4517148;79000000;XG-0000003057-00001;
4862821;;;;Indeholder;;;;DK4862821;79000000;XG-0000005094-00001;
4862899;;;;Indeholder;;;;DK4862899 Udbyhøj Færge;79000000;XG-0000005094-00001;
4922735;;;;Indeholder;;;;DK4922735;79000000;XG-0000005096-00001;
5386888 003031;;;;Indeholder;;;;DK5386888 - P-licens;79000000;XG-0000005096-00009;
5386888 030031;;;;Indeholder;;;;DK5386888 - P-Licens;79000000;XG-0000005096-00009;
5386888 120031;;;;Indeholder;;;;DK5386888 - P-Licens;79000000;XG-0000005096-00009;
5386888 005070;;;;Indeholder;;;;DK5386888 005070 Sprogcentret - medborgerskabsprøve;79000000;XG-0000003397-00053;
5386888 013583;;;;Indeholder;;;;DK5386888 013583 Assentoftskolen 9. klasserne lejrskole;79000000;XG-0000002369-00020;
5386888 015106;;;;Indeholder;;;;DK5386888 015106 - Assentoft - Djurs sommerland 7-8. årgang;79000000;XG-0000002369-00029;
5386888 015538;;;;Indeholder;;;;DK5386888 015538 Valgfaget adventure på Assentoftskolen;79000000;XG-0000002369-00020;
5386888 015681;;;;Indeholder;;;;DK5386888 015681 - Betaling lejrskole 6. årgang;79000000;XG-0000002369-00020;
5386888 015687;;;;Indeholder;;;;DK5386888 015687 - Hyttetur 7. årgang Assentoftskolen;79000000;XG-0000002369-00021;
5386888 015689;;;;Indeholder;;;;DK5386888 015689 - Lejrskole 9. årgang Assentoftskolen;79000000;XG-0000002369-00020;
5386888 017737;;;;Indeholder;;;;DK5386888 017737 Assentoft - egenbetaling;79000000;XG-0000002369-00022;
5386888 017840;;;;Indeholder;;;;DK5386888 017840 Assentoft - Aktive tøser overnatningstur;79000000;XG-0000002369-00020;
5386888 030587;;;;Indeholder;;;;DK5386888 030433 - Gudenåløbet 2019;79000000;XG-0000005063-00010;
5386888 041575;;;;Indeholder;;;;DK5386888 041575 - Vestervangsskolen Skolefest;79000000;XG-0000002555-00023;
5386888 041575;;;;Indeholder;;;;DK5386888 041575 Vestervangsskolen Skolefest;79000000;XG-0000002555-00023;
5386888 048106;;;;Indeholder;;;;DK5386888 048106 - Lejrtur 6. årgang, Vestervangsskolen;79000000;XG-0000002555-00020;
5386888 050070;;;;Indeholder;;;;DK5386888 050070 Sprogcentret - medborgerskabsprøve;79000000;XG-0000003397-00053;
5386888 083585;;;;Indeholder;;;;DK5386888 083585 Grønhøjskolens Studietur for 9.A og 9.B Prag;79000000;XG-0000002415-00037;
5386888 084052;;;;Indeholder;;;;DK5386888 084052 Grønhøj, Lejrtur Bornholm;79000000;XG-0000002415-00037;
5386888 102156;;;;Indeholder;;;;DK5386888 102156 Østervangsskolen 1.e og 2.d lejrskole;79000000;XG-0000002568-00015;
5386888 102373;;;;Indeholder;;;;DK5386888 102373 Østervangsskolen -Lejrskole i I1, I2 og I3;79000000;XG-0000002568-00015;
5386888 111939;;;;Indeholder;;;;DK5386888 111939 Nørrevangsk. Studietur til Berlin for 10.kl;79000000;XG-0000002511-00020;
5386888 112030;;;;Indeholder;;;;DK5386888 112030 Nørrevangsskolen tur till Berlin for 9. årg;79000000;XG-0000002511-00020;
5386888 111923;;;;Indeholder;;;;DK5386888 119223 Nørrevangsskolen studietur ;79000000;XG-0000002511-00020;
5386888 131806;;;;Indeholder;;;;DK5386888 131806 Korshøjskolen, Skolerejse til København 9A+9B;79000000;XG-0000002465-00044;
5386888 131905;;;;Indeholder;;;;DK5386888 131905 - Korshøjskolen - billetter skuespil;79000000;XG-0000002465-00024;
5386888 131955;;;;Indeholder;;;;DK5386888 131955 Korshøjskolen - Djurs Sommerland 9A+9B;79000000;XG-0000002465-00024;
5386888 132419;;;;Indeholder;;;;DK5386888 132419 Korshøjskolen skolefest B-skolen;79000000;XG-0000002465-00024;
5386888 132761;;;;Indeholder;;;;DK5386888 132761 5. årgangs Hyttetur, Korshøjskolen ;79000000;XG-0000002465-00042;
5386888 132761;;;;Indeholder;;;;DK5386888 132761 Korshøjskolen Lejrtur 4A + 4B;79000000;XG-0000002465-00042;
5386888 133171;;;;Indeholder;;;;DK5386888 133171 Korshøjskolen, skolefest;79000000;XG-0000002465-00024;
5386888 133987;;;;Indeholder;;;;DK5386888 133987 8. årgang København - Korshøjskolen;79000000;XG-0000002465-00044;
5386888 141866;;;;Indeholder;;;;DK5386888 141866 - Tirsdalens Skole tur til Krakow for 9. kl.;79000000;XG-0000002544-00024;
5386888 142030;;;;Indeholder;;;;DK5386888 142030 Tirsdalens lejrskole 8. årgang;79000000;XG-0000002544-00024;
5386888 142063;;;;Indeholder;;;;DK5386888 142063 Lejrskole for 7.-klasser på Tirsdalens Skole.;79000000;XG-0000002544-00024;
5386888 142069;;;;Indeholder;;;;DK5386888 142069 Tirsdalensskole - skolerejse for 9. til Tje;79000000;XG-0000002544-00024;
5386888 142228;;;;Indeholder;;;;DK5386888 142228 - 8. årgang Tirsdalen Skole til Sønderborg;79000000;XG-0000002544-00024;
5386888 142514;;;;Indeholder;;;;DK5386888 1425814 Tirsdalens Skole 9. Årgang til Berlin;79000000;XG-0000002544-00024;
5386888 192046;;;;Indeholder;;;;DK5386888 192046 Hornbæk Skole. Lejrskole 8.x og 8.y til Køb;79000000;XG-0000002452-00020;
5386888 192104;;;;Indeholder;;;;DK5386888 192104 - Hornbæk skole skolefest;79000000;XG-0000002452-00024;
5386888 192411;;;;Indeholder;;;;DK5386888 192411 Hornbæk,Lejrskole for 9.x og 9.y til Københ;79000000;XG-0000002452-00020;
5386888 192715;;;;Indeholder;;;;DK5386888 192715 Hornbæk-Tur til Nordtyskland for 8. årgang;79000000;XG-0000002452-00020;
5386888 192764;;;;Indeholder;;;;DK5386888 192764 Honbæk skole, Lejrtur for 8. årgang til KBH;79000000;XG-0000002452-00020;
5386888 192789;;;;Indeholder;;;;DK5386888 192789 Hornbæk Skole, Lejrtur 6. årgang;79000000;XG-0000002452-00020;
5386888 153001;;;;Indeholder;;;;DK5386888 2113400 Hobrovejens Skole. Lejrskole for 6. årgang;79000000;XG-0000002439-00022;
5386888 211363;;;;Indeholder;;;;DK5386888 211363 Rismølleskolen 8.årgang studietur KBH;79000000;XG-0000002521-00030;
5386888 191686;;;;Indeholder;;;;DK5386888 2114410 Hornbæk lejrskole Bornholm;79000000;XG-0000002452-00020;
5386888 132419;;;;Indeholder;;;;DK5386888 2115023 Korshøjskolen Skolefest B-skolen;79000000;XG-0000002465-00024;
5386888 2125038;;;;Indeholder;;;;DK5386888 2125038 9. Årgang til Berlin på Tirsdalens Skole;79000000;XG-0000002544-00024;
5386888 222815;;;;Indeholder;;;;DK5386888 222815 Søndermarkskolen Lejrtur Kattegat;79000000;XG-0000002531-00015;
5386888 224173;;;;Indeholder;;;;DK5386888 224173 - Søndermarkskolen hyttetur for 3. klasse;79000000;XG-0000002531-00015;
5386888 225973;;;;Indeholder;;;;DK5386888 225973 Søndermarkskolen. Lejrtur Skagen;79000000;XG-0000002531-00015;
5386888 226407;;;;Indeholder;;;;DK5386888 226407 Søndermarkskolen, Hyttetur 3. årgang;79000000;XG-0000002531-00015;
5386888 121400;;;;Indeholder;;;;DK5386888 231400 - Bådpladser Udbyhøj;79000000;XG-0000004025-00001;
5386888 231400;;;;Indeholder;;;;DK5386888 231400 - Bådpladser Udbyhøj;79000000;XG-0000004025-00001;
5386888 231526;;;;Indeholder;;;;DK5386888 231400 - Bådpladser Udbyhøj;79000000;XG-0000004025-00001;
5386888 231529;;;;Indeholder;;;;DK5386888 231400 - Bådpladser Udbyhøj;79000000;XG-0000004025-00001;
5386888 241777;;;;Indeholder;;;;DK5386888 241777 - Kristrup Skole – Lejrskole for 6. klasserne;79000000;XG-0000002475-00015;
5386888 241798;;;;Indeholder;;;;DK5386888 241798 - Kristrup Skole – Lejrskole for 6. klasserne;79000000;XG-0000002475-00015;
5386888 241816;;;;Indeholder;;;;DK5386888 241816 / Hyttetur for 3. årgang;79000000;XG-0000002475-00015;
5386888 242118;;;;Indeholder;;;;DK5386888 242118 Kristrup Skole - Skolefest;79000000;XG-0000002475-00017;
5386888 242716;;;;Indeholder;;;;DK5386888 242716 Kristrup Skole 6 årgang Læsø;79000000;XG-0000002475-00015;
5386888 242740;;;;Indeholder;;;;DK5386888 242740 Kristrup skole Lejrskole 6. årgang;79000000;XG-0000002475-00015;
5386888 242823;;;;Indeholder;;;;DK5386888 242823 Hyttetur 3 A på Kristrup Skole;79000000;XG-0000002475-00015;
5386888 280691;;;;Indeholder;;;;DK5386888 280691 - Cykelparkering - abonnementsbetaling;79000000;XG-0000005063-00010;
5386888 280692;;;;Indeholder;;;;DK5386888 280692 - Cykelparkering - abonnementsbetaling;79000000;XG-0000005063-00010;
5386888 280693;;;;Indeholder;;;;DK5386888 280693 - Cykelparkering - abonnementsbetaling;79000000;XG-0000005063-00010;
5386888 281701;;;;Indeholder;;;;DK5386888 281701 - Cykelby;79000000;XG-0000005063-00010;
5386888 410066;;;;Indeholder;;;;DK5386888 410066 Vestervangsskolen overnatning 3. årgang;79000000;XG-0000002555-00020;
5386888 412905;;;;Indeholder;;;;DK5386888 412905 Vestervangsskolen - Lejrtur 9. årgang;79000000;XG-0000002555-00020;
5386888 417651;;;;Indeholder;;;;DK5386888 417651 Vestervangsskolen - Lejrtur 6. årgang;79000000;XG-0000002555-00020;
5386888 0_UDLY;;;;Indeholder;;;;DK5386888 Bådpladser Udbyhøj;79000000;XG-0000004025-00001;
5386888 1_UDLY;;;;Indeholder;;;;DK5386888 Bådpladser Udbyhøj;79000000;XG-0000004025-00001;
5386888 2_UDLY;;;;Indeholder;;;;DK5386888 Bådpladser Udbyhøj;79000000;XG-0000004025-00001;
5386888 3_UDLY;;;;Indeholder;;;;DK5386888 Bådpladser Udbyhøj;79000000;XG-0000004025-00001;
5386888 4_UDLY;;;;Indeholder;;;;DK5386888 Bådpladser Udbyhøj;79000000;XG-0000004025-00001;
5386888 5_UDLY;;;;Indeholder;;;;DK5386888 Bådpladser Udbyhøj;79000000;XG-0000004025-00001;
5386888 6_UDLY;;;;Indeholder;;;;DK5386888 Bådpladser Udbyhøj;79000000;XG-0000004025-00001;
5386888 7_UDLY;;;;Indeholder;;;;DK5386888 Bådpladser Udbyhøj;79000000;XG-0000004025-00001;
5386888 8_UDLY;;;;Indeholder;;;;DK5386888 Bådpladser Udbyhøj;79000000;XG-0000004025-00001;
5386888 9_UDLY;;;;Indeholder;;;;DK5386888 Bådpladser Udbyhøj;79000000;XG-0000004025-00001;
5386888 030012;;;;Indeholder;;;;DK5386888 Cykel;79000000;XG-0000005063-00010;
5386888 120012;;;;Indeholder;;;;DK5386888 Cykel;79000000;XG-0000005063-00010;
5386888 151445;;;;Indeholder;;;;DK5386888 Hobrovejensskole Lejrskole 2017 for 5. a og 5. b;79000000;XG-0000002439-00022;
5386888 191623;;;;Indeholder;;;;DK5386888 Hornbæk skole Lejrskole 2017 for 5. a og 5. b;79000000;XG-0000002452-00020;
5386888 151360;;;;Indeholder;;;;DK5386888 Indbetaling Lejrskole for vores 6. klasser;79000000;XG-0000002439-00022;
5386888 121786;;;;Indeholder;;;;DK5386888 Korshøjskolen Lejrtur 6. årgang til Skagen;79000000;XG-0000002465-00042;
5386888 131668;;;;Indeholder;;;;DK5386888 Korshøjskolen Skolefest for udskolingen;79000000;XG-0000002465-00024;
5386888 131786;;;;Indeholder;;;;DK5386888 Korshøjskolen Tur til Sønderborg for S1 og S2 ;79000000;XG-0000002465-00045;
5386888 241991;;;;Indeholder;;;;DK5386888 Kristrup Skole lejrskole København;79000000;XG-0000002475-00015;
5386888 241992;;;;Indeholder;;;;DK5386888 Kristrup Skole Lejrskole Voer 2018;79000000;XG-0000002475-00015;
5386888 241360;;;;Indeholder;;;;DK5386888 Kristrup Skole Skolefest;79000000;XG-0000002475-00017;
5386888 121806;;;;Indeholder;;;;DK5386888 Lejrtur 8.C Korshøjskolen;79000000;XG-0000002465-00044;
5386888 192461;;;;Indeholder;;;;DK5386888 Skolefest Hornbæk Skole;79000000;XG-0000002452-00024;
5386888 141501;;;;Indeholder;;;;DK5386888 Tirsdalens Skole – lejrskole i København;79000000;XG-0000002544-00024;
5386888 121614;;;;Indeholder;;;;DK5386888 Tirsdalens Skole - Skolefest;79000000;XG-0000002544-00026;
5386888 121600;;;;Indeholder;;;;DK5386888 Tirsdalens skole-Lejrskole på Samsø;79000000;XG-0000002544-00024;
5541069;;;;Indeholder;;;;DK5541069 Udbyhøj Lystbådehavn;79000000;XG-0000004025-00002;
6175937;;;;Indeholder;;;;DK6175937 køb af mærkater til erhvervs adgang til genbrugspl;79000000;XG-0000005285-00015;
6177549;;;;Indeholder;;;;DK6177549 Huslejenævnet. Indbetaling på Randers.dk;79000000;XG-0000003025-00001;
6631479;;;;Indeholder;;;;DK6631479 Beboerlicens parkering RK;79000000;XG-0000005096-00009;
5078318;;;;Indeholder;;;;Tekst fra bank;79000000;XG-0000002667-00008;
8189094;;;;Indeholder;;;;Tekst fra bank;79000000;XG-0000002667-00008;
5386888 191360;;;;Indeholder;;;;Hornbæk Skoles skolefest;79000000;XG-0000002452-00024;
3070-01;;;Indbetaling;Indeholder;;;;Kontant transaktion AFK;79000000;XG 0000003070-00001;
5386888 141359;;;;Indeholder;;;;Lejrskole 9. klasse Tirsdalen;79000000;XG-0000002544-00024;
5386888 120070;;;;Indeholder;;;;Sprogcentret - medborgerskabsprøve;79000000;XG-0000003397-00053;
5386888 050035;;;;Indeholder;;;;Sprogcentret - Prøver;79000000;XG-0000003397-00044;
5386888 005027;;;;Indeholder;;;;Sprogcentret - Statsborgerskabsprøve;79000000;XG-0000003397-00053;
5386888 050027;;;;Indeholder;;;;Sprogcentret - Statsborgerskabsprøve;79000000;XG-0000003397-00053;
5386888 120027;;;;Indeholder;;;;Sprogcentret - Statsborgerskabsprøve;79000000;XG-0000003397-00053;
5386888 111313;;;;Indeholder;;;;Studietur til Berlin;79000000;XG-0000002511-00020;
5386888 111324;;;;Indeholder;;;;Studietur til New York;79000000;XG-0000002511-00020;
7374697;;;;Indeholder;;;;Teller 7374697;79000000;XG-0000005096-00001;
7555139;;;;Indeholder;;;;Teller 7555139;79000000;XG-0000005094-00001;
7570562;;;;Indeholder;;;;Teller 7570562;79000000;XG-0000004025-00002;
7757974;;;;Indeholder;;;;Teller 7757974 / randers-affald;79000000;XG-0000005285-00015;
8094609;;;;Indeholder;;;;Teller 8094609 Beboerlicens parkering RK;79000000;XG-0000005096-00009;
cyke;;;;Slutter med;;;;DK5386888_cykel;79000000;XG-0000005063-00010;
cykel;;;;Slutter med;;;;DK5386888_cykel;79000000;XG-0000005063-00010;
AE 9476014980;;;;Starter med;;;;AE 9476014980;79000000;XG-0000005096-00001;
AE 9476060256;;;;Starter med;;;;AE 9476060256;79000000;XG-0000005094-00001;
5386888 121623;;;;Starter med;;;;Hornbæk Skole – Lejrskole for 5. årgang til Odense;79000000;XG-0000002452-00020;
;;ParkPark;;Indeholder;;;;Tekst fra bank;79000000;XG-0000005096-00010;
;;Parkman;;Indeholder;;;;Tekst fra bank;79000000;XG-0000005096-00010;
;;Park4U;;Indeholder;;;;Tekst fra bank;79000000;XG-0000005096-00010;
;SDTN;Kvindecenter;;Indeholder;;;;Vedr. projekt SDTN Supervision;79000000;XG-0000002793-00004;
;;Easy Park;;Indeholder;;;;Tekst fra bank;79000000;XG-0000005096-00010;
5386888 030325;;;;Indeholder;;;;538688 030325 Depositum ifm. udlån af elcykler;79000000;XG-0000005063-00011;
5386888 0-0621;;;;Indeholder;;;;5386888 0-2121 UMT til kampagnen GIV RANDERS ET TRÆ;79000000;XA-9258200001-00041;
5386888 1-0621;;;;Indeholder;;;;5386888 1-2121 UMT til kampagnen GIV RANDERS ET TRÆ;79000000;XA-9258200001-00041;
5386888 212126;;;;Indeholder;;;;5386888 212126 UMT til kampagnen GIV RANDERS ET TRÆ;79000000;XA-9258200001-00041;
5386888 2-0621;;;;Indeholder;;;;5386888 2-2121 UMT til kampagnen GIV RANDERS ET TRÆ;79000000;XA-9258200001-00041;
5386888 3-0621;;;;Indeholder;;;;5386888 3-2121 UMT til kampagnen GIV RANDERS ET TRÆ;79000000;XA-9258200001-00041;
5386888 4-0621;;;;Indeholder;;;;5386888 4-2121 UMT til kampagnen GIV RANDERS ET TRÆ;79000000;XA-9258200001-00041;
5386888 5-0621;;;;Indeholder;;;;5386888 5-2121 UMT til kampagnen GIV RANDERS ET TRÆ;79000000;XA-9258200001-00041;
5386888 6-0621;;;;Indeholder;;;;5386888 6-2121 UMT til kampagnen GIV RANDERS ET TRÆ;79000000;XA-9258200001-00041;
5386888 7-0621;;;;Indeholder;;;;5386888 7-2121 UMT til kampagnen GIV RANDERS ET TRÆ;79000000;XA-9258200001-00041;
5386888 8-0621;;;;Indeholder;;;;5386888 8-2121 UMT til kampagnen GIV RANDERS ET TRÆ;79000000;XA-9258200001-00041;
5386888 9-0621;;;;Indeholder;;;;5386888 9-2121 UMT til kampagnen GIV RANDERS ET TRÆ;79000000;XA-9258200001-00041;
11887;;;Pengeautomat;Indeholder;;;;Depositcard AF-koordinator 011887;79000000;XG-0000003070-00001;
11893;;;Pengeautomat;Indeholder;;;;Depositcard Blicherskolen Skolebod A 011893;79000000;XG-0000002392-00031;
11892;;;Pengeautomat;Indeholder;;;;Depositcard Blicherskolen Skolebod B 011892;79000000;XG-0000002392-00032;
6990;;;Pengeautomat;Indeholder;;;;Depositcard Hobrovejens Skole 006990;79000000;XG-0000002439-00014;
12183;;;Pengeautomat;Indeholder;;;;Depositcard RS Blommevej;79000000;XG-0000002648-00024;
6982;;;Pengeautomat;Indeholder;;;;Depositcard Mellerup/Ragna 006982;79000000;XG-0000005094-00005;
12194;;;Pengeautomat;Indeholder;;;;Depositcard Munkholmskolen 012194;79000000;XG-0000004526-00048;
6991;;;Pengeautomat;Indeholder;;;;Depositcard Randers Ungddomsskole 006991;79000000;XG-0000002667-00008;
6980;;;Pengeautomat;Indeholder;;;;Depositcard Sprogcentret 006980;79000000;XG-0000003397-00012;
6976;;;Pengeautomat;Indeholder;;;;Depositcard Søndermarkskolen 006976;79000000;XG-0000002531-00016;
6977;;;Pengeautomat;Indeholder;;;;Depositcard Udbyhøj 006977;79000000;XG-0000005094-00004;
5386888 102400;;;;Indeholder;;;;DK5386000 102400 Østervangsskolen, Lejrskole 5. årgang – ;79000000;XG-0000002568-00015;
5386888 084190;;;;Indeholder;;;;DK5386888 083585 Grønhøjskolens Skolerejse for 9.A og 9.B KBH;79000000;XG-0000002415-00037;
5386888 142729;;;;Indeholder;;;;DK5386888 142729 Tirsdalens skole - egenbetaling lejrtur;79000000;XG-0000002544-00024;
5386888 192902;;;;Indeholder;;;;DK5386888 192902Hornbæk Skole, Lejrskole 5. årgang – ID 192902;79000000;XG-0000002452-00020;
5386888 192944;;;;Indeholder;;;;DK5386888 192944 Hornbæk Skole, Lejrskole 8. årgang – ID 192944;79000000;XG-0000002452-00020;
5386888 243011;;;;Indeholder;;;;DK5386888 243011 ;79000000;XG-0000002475-00015;
5386888 243153;;;;Indeholder;;;;DK5386888 243153 Hyttetur 3 årgang på Kristrup Skole;79000000;XG-0000002475-00015;
5386888 243086;;;;Indeholder;;;;DK8686888 243086 Kristrup 6. årg. SKAGEN.;79000000;XG-0000002475-00015;
;ParkOne;;;Indeholder;;;;Tekst fra bank;79000000;XG-0000005096-00010;
;OK parkering;;;Indeholder;;;;Tekst fra bank;79000000;XG-0000005096-00010;
5386888 192832;;;;Indeholder;;;;Hornbæk skole, galla + Djurs Sommerland, 9. klasse;79000000;XG-0000002452-00029;
Hobrovejens Skole;;;;Indeholder;;;;Kontant transaktion Hobrovejens Skole;79000000;XG-0000002439-00014;
Munkholmskole;;;Indbetaling;Indeholder;;;;Kontant transaktion Munkholmskolen;79000000;XG-0000004526-00048;
;Unge i uddannelse;Region Midt;;Indeholder;;;;Region Midtjylland - Ung i uddannelse;79000000;XG-0000002833-00003;
MEL;;;Indbetaling;Slutter med;;;;Kontant transaktion Mellerup færge;79000000;XG-0000005094-00004;
UDB;;;Indbetaling;Slutter med;;;;Kontant transaktion Udbyhøj færge;79000000;XG-0000005094-00005;
Automat;;;;Slutter med;;;;Mønt-indbetaling parkering;79000000;XG-0000005096-00001;
;63470645;Bambora;;Starter med;;;;Tekst fra bank;79000000;XG-0000005096-00009;
_962_;;Pay4It;;Indeholder;;;;Pay4it Automat;79000000;XG-0000002415-00038;
OY-;;;Overførsel;Starter med;;;;Tekst fra bank;79000000;XG-0000005086-00001;
;OY-;;Overførsel;Starter med;;;;Tekst fra bank;79000000;XG-0000005086-00001;
12189;;;Pengeautomat;Indeholder;;;;Depositcard Senhjerneskadeområdet 012189;79000000;XG-0000003021-00043;
3796663;;;;Indeholder;;;;DK3796663 Vorup Plejehjem;72000000;XG-0000004526-00041;
3796671;;;;Indeholder;;;;DK3796671 Borupvænget;72000000;XG-0000004526-00046;
3796795;;;;Indeholder;;;;DK3796795 - Møllevang;72000000;XG-0000004526-00033;
3796817;;;;Indeholder;;;;DK3796817 - Bakkegården;72000000;XG-0000004526-00028;
3796868;;;;Indeholder;;;;DK3796868 Dronningborg;72000000;XG-0000004526-00030;
3796884;;;;Indeholder;;;;DK3796884 Svaleparken;72000000;XG-0000004526-00038;
3796892;;;;Indeholder;;;;DK3796892 - Rosenvænget;72000000;XG-0000004526-00027;
3796906;;;;Indeholder;;;;DK3796906;72000000;XG-0000004526-00040;
3796914;;;;Indeholder;;;;DK3796914 Kollektivhuset;72000000;XG-0000004526-00044;
3796930;;;;Indeholder;;;;DK3796930 Lindevænget;72000000;XG-0000004526-00036;
3796949;;;;Indeholder;;;;DK3796949 Huset Nyvang;72000000;XG-0000004526-00035;
4771842;;;;Indeholder;;;;DK4771842 GAIA PAPAYA;72000000;XG-0000003040-00046;
5157064;;;;Indeholder;;;;DK5157064 - Condomeriet;72000000;XG-0000004204-00002;
5386888 120186;;;;Indeholder;;;;DK5386388 Assentoft;72000000;XG-0000002369-00021;
5386888 010631;;;;Indeholder;;;;DK538688 010631 Assentoftskolen skolefest;72000000;XG-0000002369-00022;
5386888 281359;;;;Indeholder;;;;DK5386888 - Kompostbeholder;72000000;XG-0000005280-00036;
5386888 101655;;;;Indeholder;;;;DK5386888 101655 Østervangsskolen Skolefest;72000000;XG-0000002415-00039;
5386888 102002;;;;Indeholder;;;;DK5386888 102002 Tirsdalens Skole skolebod;72000000;XG-0000002544-00025;
5386888 102193;;;;Indeholder;;;;DK5386888 102193 Østervangsskolen Skolefest;72000000;XG-0000002415-00039;
5386888 211569;;;;Indeholder;;;;DK5386888 211369 - Rismølleskolen madbestilling;72000000;XG-0000002521-00031;
5386888 211390;;;;Indeholder;;;;DK5386888 211390 - Rismølleskolen madbestilling;72000000;XG-0000002521-00031;
5386888 211567;;;;Indeholder;;;;DK5386888 211567 - Rismølleskolen madbestilling;72000000;XG-0000002521-00031;
5386888 211568;;;;Indeholder;;;;DK5386888 211568 - Rismølleskolen madbestilling;72000000;XG-0000002521-00031;
5386888 211570;;;;Indeholder;;;;DK5386888 211570 - Rismølleskolen madbestilling;72000000;XG-0000002521-00031;
5386888 211571;;;;Indeholder;;;;DK5386888 211571 - Rismølleskolen madbestilling;72000000;XG-0000002521-00031;
5386888 221365;;;;Indeholder;;;;DK5386888 221365 Madbestilling Søndermarkskolen;72000000;XG-0000002531-00016;
5386888 222807;;;;Indeholder;;;;DK5386888 222807 Søndermarkskolen skolefest;72000000;XG-0000002531-00017;
5386888 225082;;;;Indeholder;;;;DK5386888 225082 Søndermarkskolen skolefest 2019;72000000;XG-0000002531-00017;
5386888 010186;;;;Indeholder;;;;DK5386888 Madsalg Assentoftskolen;72000000;XG-0000002369-00021;
5386888 001004;;;;Indeholder;;;;DK5386888 Madsalg Assentoftskolen 0-3 klasse;72000000;XG-0000002369-00021;
5386888 001186;;;;Indeholder;;;;DK5386888 Madsalg Assentoftsskolen;72000000;XG-0000002369-00021;
5444748;;;;Indeholder;;;;DK5444748 Kantinen via GAIA;72000000;XG-0000003040-00034;
5541042;;;;Indeholder;;;;DK5541042 Udbyhøj Lystbådehavn;72000000;XG-0000004024-00003;
5846102;;;;Indeholder;;;;DK5846102 Kantinen Laksetorvet;72000000;XG-0000005228-00003;
5887356;;;;Indeholder;;;;DK5887356 Kildevang;72000000;XG-0000004526-00045;
5891507;;;;Indeholder;;;;DK5891507 - Åbakken;72000000;XG-0000004526-00031;
5908167;;;;Indeholder;;;;DK5908167 Asferg;72000000;XG-0000004526-00048;
5991390;;;;Indeholder;;;;DK5991390 Kantinen Sundhedshuset;72000000;XG-0000005228-00003;
6201830;;;;Indeholder;;;;DK6201830 Kantinen Kasernen;72000000;XG-0000005228-00003;
6899625;;;;Indeholder;;;;DK6899625 Huset Nellemann;72000000;XG-0000004526-00037;
8357634;;;;Indeholder;;;;DK8357634 Huset Nellemann;72000000;XG-0000004526-00037;
Gaia via;;;Indbetaling;Indeholder;;;;Kontant transaktion Gaia Via;72000000;XG-0000003040-00034;
5386888 101002;;;;Indeholder;;;;Kortbetaling - Søndermarkskolen;72000000;XG-0000002531-00016;
5386888 001683;;;;Indeholder;;;;Madbestilling førskolen Assentoft;72000000;XG-0000002369-00021;
5386888 010683;;;;Indeholder;;;;Madbestilling førskolen Assentoft;72000000;XG-0000002369-00021;
5386888 001631;;;;Indeholder;;;;Skolefest Assentoftskolen;72000000;XG-0000002369-00022;
7463073;;;;Indeholder;;;;Teller 7463073;72000000;XG-0000004204-00002;
7570567;;;;Indeholder;;;;Teller 7570567;72000000;XG-0000004024-00003;
7667973;;;;Indeholder;;;;Teller 7667973;72000000;XG-0000004526-00031;
7670788;;;;Indeholder;;;;Teller 7670788;72000000;XG-0000004526-00028;
7670789;;;;Indeholder;;;;Teller 7670789;72000000;XG-0000004526-00033;
7670796;;;;Indeholder;;;;Teller 7670796;72000000;XG-0000004526-00027;
7670797;;;;Indeholder;;;;Teller 7670797;72000000;XG-0000004526-00030;
Ekstra;;Open Experience;;Starter med;;;;Tekst fra bank;72000000;XG-0000005285-00006;
12197;;;Pengeautomat;Indeholder;;;;Depositcard Assentoftskolen 012197;72000000;XG-0000002369-00021;
11781;;;Pengeautomat;Indeholder;;;;Depositcard Bakkegården 011781;72000000;XG-0000004526-00028;
11784;;;Pengeautomat;Indeholder;;;;Depositcard Bjerregrav Skole 011784;72000000;XG-0000002382-00015;
11785;;;Pengeautomat;Indeholder;;;;Depositcard Borupvænget 011785;72000000;XG-0000004526-00046;
11777;;;Pengeautomat;Indeholder;;;;Depositcard Cafe Lindevænget 011777;72000000;XG-0000004526-00036;
11792;;;Pengeautomat;Indeholder;;;;Depositcard Cafe Nellemann 011792;72000000;XG-0000004526-00037;
11778;;;Pengeautomat;Indeholder;;;;Depositcard Cafe Svaleparken 011778;72000000;XG-0000004526-00038;
11789;;;Pengeautomat;Indeholder;;;;Depositcard Cafe Thors Bakke 011789;72000000;XG-0000004526-00039;
11897;;;Pengeautomat;Indeholder;;;;Depositcard Cafe Vorup 011897;72000000;XG-0000004526-00041;
11783;;;Pengeautomat;Indeholder;;;;Depositcard Dronnigborg 011783;72000000;XG-0000004526-00030;
11780;;;Pengeautomat;Indeholder;;;;Depositcard Fårup 011780;72000000;XG-0000004526-00047;
12200;;;Pengeautomat;Indeholder;;;;Depositcard Gaia Butik 012200;72000000;XG-0000003040-00018;
12199;;;Pengeautomat;Indeholder;;;;Depositcard Gaia Cafe 012199;72000000;XG-0000003040-00046;
12196;;;Pengeautomat;Indeholder;;;;Depositcard Hobrovejens Juniorklub 012196;72000000;XG-0000002448-00001;
11891;;;Pengeautomat;Indeholder;;;;Depositcard Huset Nyvang 011891;72000000;XG-0000004526-00035;
6984;;;Pengeautomat;Indeholder;;;;Depositcard Kildevang Cafe 006984;72000000;XG-0000004526-00045;
11791;;;Pengeautomat;Indeholder;;;;Depositcard Kollektivhuset 011791;72000000;XG-0000004526-00044;
6978;;;Pengeautomat;Indeholder;;;;Depositcard Korshøjskolen 006978;72000000;XG-0000002465-00021;
6973;;;Pengeautomat;Indeholder;;;;Depositcard Kristrupcentret 006973;72000000;XG-0000004526-00042;
11786;;;Pengeautomat;Indeholder;;;;Depositcard Madservice 011786;72000000;XG-0000004526-00018;
11793;;;Pengeautomat;Indeholder;;;;Depositcard Møllevang 011793;72000000;XG-0000004526-00033;
6993;;;Pengeautomat;Indeholder;;;;Depositcard Nørrevangsskolen 006993;72000000;XG-0000002511-00021;
6979;;;Pengeautomat;Indeholder;;;;Depositcard Perron 4 006979;72000000;XG-0000003038-00053;
12198;;;Pengeautomat;Indeholder;;;;Depositcard Psykiatriens Hus 012198;72000000;XG-0000003038-00126;
11790;;;Pengeautomat;Indeholder;;;;Depositcard Rosevænget 011790;72000000;XG-0000004526-00027;
11787;;;Pengeautomat;Indeholder;;;;Depositcard Terneparken 011787;72000000;XG-0000004526-00048;
12185;;;Pengeautomat;Indeholder;;;;Depositcard Tirsdalen Skole 012185;72000000;XG-0000002544-00025;
6988;;;Pengeautomat;Indeholder;;;;Depositcard Vennelyst Juniorklub 006988;72000000;XG-0000002484-00001;
11788;;;Pengeautomat;Indeholder;;;;Depositcard Åbakken 011788;72000000;XG-0000004526-00031;
8537995;;;;Indeholder;;;;DK 8537995 Gaia Cafe ;72000000;XG-0000003040-00046;
2271311;;;;Indeholder;;;;DK2271311 Affaldsterminalen;72000000;XG-0000005010-00080;
4771850;;;;Indeholder;;;;DK4771850 Gaia butik;72000000;XG-0000003040-00018;
7221304;;;;Indeholder;;;;DK7221304 Gaia Via;72000000;XG-0000003040-00034;
8538001;;;;Indeholder;;;;DK8538001 Gaia Via;72000000;XG-0000003040-00034;
Vindstød;;;;Indeholder;;;;Tekst fra bank;72000000;XG-0000005244-00014;
Assentoft;;;Indbetaling;Indeholder;;;;Kontant transaktion Assentoftskolens kantine;72000000;XG-0000002369-00021;
Bakkegården;;;Indbetaling;Indeholder;;;;Kontant transaktion Bakkegården;72000000;XG-0000004518-00093;
Blicherskolen A;;;Indbetaling;Indeholder;;;;Kontant transaktion Blicherskolen a-bod;72000000;XG-0000002392-00031;
Blicherskolen B;;;Indbetaling;Indeholder;;;;Kontant transaktion Blicherskolen b-bod;72000000;XG-0000002392-00032;
KC cafe;;;Indbetaling;Indeholder;;;;Kontant transaktion Café Kristrupcentret;72000000;XG-0000004526-00042;
Kristrupcentret;;;Indbetaling;Indeholder;;;;Kontant transaktion Café Kristrupcentret;72000000;XG-0000004526-00042;
Cafe-LV;;;Indbetaling;Indeholder;;;;Kontant transaktion Café Lindevænget;72000000;XG-0000004526-00036;
Cafe Nellemann;;;Indbetaling;Indeholder;;;;Kontant transaktion Café Nellemann;72000000;XG-0000004526-00037;
Cafe Svaleparken;;;Indbetaling;Indeholder;;;;Kontant transaktion Café Svaleparken;72000000;XG-0000004526-00038;
Cafe-SP;;;Indbetaling;Indeholder;;;;Kontant transaktion Café Svaleparken;72000000;XG-0000004526-00038;
Svaleparken;;;Indbetaling;Indeholder;;;;Kontant transaktion Café Svaleparken;72000000;XG-0000004526-00038;
Thors bakke;;;Indbetaling;Indeholder;;;;Kontant transaktion Café Thors Bakke;72000000;XG-0000004526-00039;
Thorsbakke;;;Indbetaling;Indeholder;;;;Kontant transaktion Café Thors Bakke;72000000;XG-0000004526-00039;
Cafe Vorup;;;Indbetaling;Indeholder;;;;Kontant transaktion Café Vorup Plejehjem;72000000;XG-0000004526-00041;
Cafe-VP;;;Indbetaling;Indeholder;;;;Kontant transaktion Café Vorup Plejehjem;72000000;XG-0000004526-00041;
Cafe VP;;;Indbetaling;Indeholder;;;;Kontant transaktion Café Vorup Plejehjem;72000000;XG-0000004526-00041;
Dronningborg;;;Indbetaling;Indeholder;;;;Kontant transaktion Dronningborg;72000000;XG-0000004518-00094;
Fårup;;;Indbetaling;Indeholder;;;;Kontant transaktion Fårup Café;72000000;XG-0000004526-00047;
Gaia Butik;;;Indbetaling;Indeholder;;;;Kontant transaktion Gaia Butik;72000000;XG-0000003040-00018;
Gaia Cafe;;;Indbetaling;Indeholder;;;;Kontant transaktion Gaia Papaya;72000000;XG-0000003040-00046;
Gaia papaya;;;Indbetaling;Indeholder;;;;Kontant transaktion Gaia Papaya;72000000;XG-0000003040-00046;
Kollektivhus;;;Indbetaling;Indeholder;;;;Kontant transaktion Kollektivhuset;72000000;XG-0000004526-00044;
2465-00021;;;Indbetaling;Indeholder;;;;Kontant transaktion Korshøjskolen Café;72000000;XG-0000002465-00021;
Korshøjskole;;;Indbetaling;Indeholder;;;;Kontant transaktion Korshøjskolen Café;72000000;XG-0000002465-00021;
Madservice;;;Indbetaling;Indeholder;;;;Kontant transaktion Madservice Kronjylland;72000000;XG-0000004526-00018;
Møllevang;;;Indbetaling;Indeholder;;;;Kontant transaktion Møllevang;72000000;XG-0000004518-00098;
301.408.72.05;;;Indbetaling;Indeholder;;;;Kontant transaktion Nørrevangsskolen;72000000;XG-0000002511-00021;
Perron 4;;;Indbetaling;Indeholder;;;;Kontant transaktion Perron 4;72000000;XG-0000003038-00053;
Rosenvæng;;;Indbetaling;Indeholder;;;;Kontant transaktion Rosenvænget;72000000;XG-0000004518-00092;
Terneparken;;;Indbetaling;Indeholder;;;;Kontant transaktion Terneparken Café;72000000;XG-0000004526-00048;
7221290;;;;Indeholder;;;;Nets 7221290 Gaia Cafe ;72000000;XG-0000003040-00046;
8516775;;;;Indeholder;;;;Nets 8516775 Gaia Butik;72000000;XG-0000003040-00018;
8104226;;;;Indeholder;;;;Teller 8104226;72000000;XG-0000005010-00080;
LV;;;Indbetaling;Slutter med;;;;Kontant transaktion Café Lindevænget;72000000;XG-0000004526-00036;
NM;;;;Slutter med;;;;Kontant transaktion Café Nellemann;72000000;XG-0000004526-00037;
;;Too good to go;;Starter med;;;;Tekst fra bank;72000000;XG-0000005228-00003;
;;Kanpla APS;;Starter med;;;;Tekst fra bank;72000000;XG-0000002511-00021;
;;Biometric Solutions;;Starter med;;;;Tekst fra bank;72000000;XG-0000003057-00003;
Borup;;;Indbetaling;Starter med;;;;Kontant transaktion Café Borupvænget;72000000;XG-0000004526-00046;
Cafe Borup;;;Indbetaling;Starter med;;;;Kontant transaktion Café Borupvænget;72000000;XG-0000004526-00046;
TB;;;Indbetaling;Starter med;;;;Kontant transaktion Café Thors Bakke;72000000;XG-0000004526-00039;
TD cafe;;;Indbetaling;Starter med;;;;Kontant transaktion Café Tirsdalen;72000000;XG-0000004526-00040;
Tirsdalen;;;Indbetaling;Starter med;;;;Kontant transaktion Café Tirsdalen;72000000;XG-0000004526-00040;
XG-3397-50;;;Indbetaling;Starter med;;;;Kontant transaktion Sprogcenter;72000000;XG-0000003397-00050;
;;;OTC-betaling;Indeholder;;;;Tekst fra bank;67041004;;
;;;Rente af obligationer;Starter med;;;;Tekst fra bank;60800001;;
;;;Afkast overført til;Starter med;;;;Tekst fra bank;60500000;;
;;;Debetrente;Starter med;;;;Tekst fra bank;60500000;;
;;;Kreditrente;Starter med;;;;Tekst fra bank;60500000;;
4430778;;;DK-abonnement;Indeholder;;;;DK4430778 Abonnement;40000000;XG-0000003020-00258;
4430778;;;Dankortsalg-gebyr;Indeholder;;;;DK4430778 Gebyrer;40000000;XG-0000003020-00258;
40010;;;Leverandørservice;Indeholder;;;;Ls, kreditor 40010 Udbetaling;40000000;XG-0000000013-00001;
54879;;;Leverandørservice;Indeholder;;;;Ls, kreditor 54879 Udbetaling;40000000;XG-0000000013-00002;
6970;;;Pengeautomat;Indeholder;;;;Depositcard Matrielgården 006970;40000000;XG-0000005004-00023;
1007867103;;;Gebyr;Indeholder;;;;Gebyr af depot 1007867103;40000000;XG-0000000006-00007;
2121115030;;;Gebyr;Indeholder;;;;Gebyr af depot 2121115030;40000000;XG-0000000006-00007;
FAKTURA D0100;;;;Starter med;;;;Tekst fra bank;40000000;XG-0000000006-00007;
URA;;;Pbs overførsel;Starter med;;;;Tekst fra bank;40000000;XG-0000000006-00007;
49344 MOBILE;;;;Starter med;;;;Gebyr Mobile Pay leverandørservice;40000000;XG-0000000006-00007;
Mariendal;;420 Kristrup Børnehus;;Indeholder;;;;Tekst fra bank;10000000;XG-0000002281-00002;